{"/film/film/genre": 0, "/people/person/profession": 1, "/people/person/places_lived./people/place_lived/location": 2, "/film/film_distributor/films_distributed./film/film_film_distributor_relationship/film": 3, "/award/award_winning_work/awards_won./award/award_honor/award_winner": 4, "/government/legislative_session/members./government/government_position_held/district_represented": 5, "/people/person/place_of_birth": 6, "/music/artist/track_contributions./music/track_contribution/role": 7, "/government/legislative_session/members./government/government_position_held/legislative_sessions": 8, "/people/person/spouse_s./people/marriage/spouse": 9, "/music/performance_role/regular_performances./music/group_membership/group": 10, "/award/award_winning_work/awards_won./award/award_honor/award": 11, "/sports/sports_team/colors": 12, "/music/genre/artists": 13, "/film/film/language": 14, "/olympics/olympic_sport/athletes./olympics/olympic_athlete_affiliation/country": 15, "/education/educational_institution/students_graduates./education/education/student": 16, "/user/jg/default_domain/olympic_games/sports": 17, "/award/award_nominee/award_nominations./award/award_nomination/award_nominee": 18, "/sports/sports_team/roster./american_football/football_roster_position/position": 19, "/film/film/release_date_s./film/film_regional_release_date/film_release_region": 20, "/tv/tv_program/regular_cast./tv/regular_tv_appearance/actor": 21, "/organization/organization/headquarters./location/mailing_address/state_province_region": 22, "/base/x2010fifaworldcupsouthafrica/world_cup_squad/current_world_cup_squad./base/x2010fifaworldcupsouthafrica/current_world_cup_squad/current_club": 23, "/base/locations/continents/countries_within": 24, "/award/award_nominee/award_nominations./award/award_nomination/nominated_for": 25, "/film/film/release_date_s./film/film_regional_release_date/film_release_distribution_medium": 26, "/film/film/featured_film_locations": 27, "/location/hud_county_place/county": 28, "/award/award_nominee/award_nominations./award/award_nomination/award": 29, "/music/instrument/instrumentalists": 30, "/award/award_winner/awards_won./award/award_honor/award_winner": 31, "/education/educational_degree/people_with_this_degree./education/education/institution": 32, "/media_common/netflix_genre/titles": 33, "/soccer/football_player/current_team./sports/sports_team_roster/team": 34, "/travel/travel_destination/climate./travel/travel_destination_monthly_climate/month": 35, "/organization/organization_member/member_of./organization/organization_membership/organization": 36, "/music/genre/parent_genre": 37, "/film/film/music": 38, "/user/alexander/philosophy/philosopher/interests": 39, "/education/educational_institution/colors": 40, "/location/location/contains": 41, "/sports/sports_team/roster./american_football/football_historical_roster_position/position_s": 42, "/people/person/gender": 43, "/people/person/spouse_s./people/marriage/type_of_union": 44, "/tv/tv_network/programs./tv/tv_network_duration/program": 45, "/award/award_category/winners./award/award_honor/award_winner": 46, "/award/award_nominated_work/award_nominations./award/award_nomination/nominated_for": 47, "/award/award_ceremony/awards_presented./award/award_honor/award_winner": 48, "/education/educational_institution/students_graduates./education/education/major_field_of_study": 49, "/film/film/written_by": 50, "/people/person/nationality": 51, "/music/record_label/artist": 52, "/base/popstra/celebrity/dated./base/popstra/dated/participant": 53, "/film/actor/film./film/performance/film": 54, "/base/popstra/celebrity/friendship./base/popstra/friendship/participant": 55, "/base/popstra/celebrity/canoodled./base/popstra/canoodled/participant": 56, "/influence/influence_node/influenced_by": 57, "/film/film/executive_produced_by": 58, "/sports/professional_sports_team/draft_picks./sports/sports_league_draft_pick/draft": 59, "/sports/sports_position/players./sports/sports_team_roster/team": 60, "/music/artist/origin": 61, "/location/administrative_division/country": 62, "/award/award_category/nominees./award/award_nomination/nominated_for": 63, "/sports/sports_team/sport": 64, "/sports/sports_team/roster./baseball/baseball_roster_position/position": 65, "/film/film/prequel": 66, "/food/food/nutrients./food/nutrition_fact/nutrient": 67, "/film/film/other_crew./film/film_crew_gig/film_crew_role": 68, "/education/educational_degree/people_with_this_degree./education/education/student": 69, "/music/performance_role/regular_performances./music/group_membership/role": 70, "/sports/sports_league_draft/picks./sports/sports_league_draft_pick/school": 71, "/base/localfood/seasonal_month/produce_available./base/localfood/produce_availability/seasonal_months": 72, "/business/job_title/people_with_this_title./business/employment_tenure/company": 73, "/people/person/sibling_s./people/sibling_relationship/sibling": 74, "/education/university/fraternities_and_sororities": 75, "/people/ethnicity/people": 76, "/award/award_category/winners./award/award_honor/ceremony": 77, "/government/politician/government_positions_held./government/government_position_held/basic_title": 78, "/organization/role/leaders./organization/leadership/organization": 79, "/olympics/olympic_participating_country/athletes./olympics/olympic_athlete_affiliation/olympics": 80, "/influence/influence_node/peers./influence/peer_relationship/peers": 81, "/government/political_party/politicians_in_this_party./government/political_party_tenure/politician": 82, "/film/film/country": 83, "/music/performance_role/track_performances./music/track_contribution/role": 84, "/baseball/baseball_team/team_stats./baseball/baseball_team_stats/season": 85, "/organization/organization/headquarters./location/mailing_address/citytown": 86, "/base/culturalevent/event/entity_involved": 87, "/sports/sports_league/teams./sports/sports_league_participation/team": 88, "/base/biblioness/bibs_location/country": 89, "/base/americancomedy/celebrity_impressionist/celebrities_impersonated": 90, "/education/university/international_tuition./measurement_unit/dated_money_value/currency": 91, "/travel/travel_destination/how_to_get_here./travel/transportation/mode_of_transportation": 92, "/base/schemastaging/organization_extra/phone_number./base/schemastaging/phone_sandbox/service_location": 93, "/location/location/adjoin_s./location/adjoining_relationship/adjoins": 94, "/education/university/local_tuition./measurement_unit/dated_money_value/currency": 95, "/people/deceased_person/place_of_death": 96, "/medicine/symptom/symptom_of": 97, "/tv/tv_program/program_creator": 98, "/base/petbreeds/city_with_dogs/top_breeds./base/petbreeds/dog_city_relationship/dog_breed": 99, "/film/film/personal_appearances./film/personal_film_appearance/person": 100, "/government/government_office_category/officeholders./government/government_position_held/jurisdiction_of_office": 101, "/tv/tv_producer/programs_produced./tv/tv_producer_term/program": 102, "/film/film/produced_by": 103, "/film/film_subject/films": 104, "/american_football/football_team/current_roster./sports/sports_team_roster/position": 105, "/business/business_operation/industry": 106, "/people/person/languages": 107, "/tv/tv_writer/tv_programs./tv/tv_program_writer_relationship/tv_program": 108, "/film/film/release_date_s./film/film_regional_release_date/film_regional_debut_venue": 109, "/film/film/edited_by": 110, "/education/field_of_study/students_majoring./education/education/major_field_of_study": 111, "/people/cause_of_death/people": 112, "/sports/sports_team_location/teams": 113, "/sports/professional_sports_team/draft_picks./sports/sports_league_draft_pick/school": 114, "/tv/tv_program/genre": 115, "/film/film/cinematography": 116, "/location/us_county/county_seat": 117, "/location/location/time_zones": 118, "/user/ktrueman/default_domain/international_organization/member_states": 119, "/education/field_of_study/students_majoring./education/education/student": 120, "/film/film/dubbing_performances./film/dubbing_performance/actor": 121, "/base/aareas/schema/administrative_area/administrative_parent": 122, "/education/university/domestic_tuition./measurement_unit/dated_money_value/currency": 123, "/film/film/distributors./film/film_film_distributor_relationship/film_distribution_medium": 124, "/people/person/spouse_s./people/marriage/location_of_ceremony": 125, "/location/country/official_language": 126, "/olympics/olympic_participating_country/medals_won./olympics/olympic_medal_honor/olympics": 127, "/film/film/story_by": 128, "/time/event/locations": 129, "/military/military_combatant/military_conflicts./military/military_combatant_group/combatants": 130, "/language/human_language/countries_spoken_in": 131, "/film/director/film": 132, "/base/biblioness/bibs_location/state": 133, "/film/film/production_companies": 134, "/film/film/costume_design_by": 135, "/organization/organization/place_founded": 136, "/education/educational_institution/school_type": 137, "/tv/non_character_role/tv_regular_personal_appearances./tv/tv_regular_personal_appearance/person": 138, "/military/military_conflict/combatants./military/military_combatant_group/combatants": 139, "/sports/pro_athlete/teams./sports/sports_team_roster/team": 140, "/music/group_member/membership./music/group_membership/group": 141, "/ice_hockey/hockey_team/current_roster./sports/sports_team_roster/position": 142, "/education/educational_degree/people_with_this_degree./education/education/major_field_of_study": 143, "/award/award_ceremony/awards_presented./award/award_honor/honored_for": 144, "/film/film/other_crew./film/film_crew_gig/crewmember": 145, "/people/person/religion": 146, "/location/statistical_region/religions./location/religion_percentage/religion": 147, "/location/capital_of_administrative_division/capital_of./location/administrative_division_capital_relationship/administrative_division": 148, "/music/group_member/membership./music/group_membership/role": 149, "/award/award_category/disciplines_or_subjects": 150, "/film/film/film_production_design_by": 151, "/base/popstra/location/vacationers./base/popstra/vacation_choice/vacationer": 152, "/award/award_winning_work/awards_won./award/award_honor/honored_for": 153, "/organization/organization/child./organization/organization_relationship/child": 154, "/location/country/second_level_divisions": 155, "/award/ranked_item/appears_in_ranked_lists./award/ranking/list": 156, "/tv/tv_personality/tv_regular_appearances./tv/tv_regular_personal_appearance/program": 157, "/organization/endowed_organization/endowment./measurement_unit/dated_money_value/currency": 158, "/location/location/partially_contains": 159, "/sports/sport/pro_athletes./sports/pro_sports_played/athlete": 160, "/olympics/olympic_sport/athletes./olympics/olympic_athlete_affiliation/olympics": 161, "/music/artist/contribution./music/recording_contribution/performance_role": 162, "/people/ethnicity/languages_spoken": 163, "/location/statistical_region/places_exported_to./location/imports_and_exports/exported_to": 164, "/base/marchmadness/ncaa_basketball_tournament/seeds./base/marchmadness/ncaa_tournament_seed/team": 165, "/base/schemastaging/person_extra/net_worth./measurement_unit/dated_money_value/currency": 166, "/organization/organization_founder/organizations_founded": 167, "/people/profession/specialization_of": 168, "/film/film/film_art_direction_by": 169, "/olympics/olympic_games/sports": 170, "/people/person/employment_history./business/employment_tenure/company": 171, "/location/country/capital": 172, "/people/ethnicity/geographic_distribution": 173, "/medicine/disease/risk_factors": 174, "/film/film/runtime./film/film_cut/film_release_region": 175, "/music/instrument/family": 176, "/sports/sports_team/roster./basketball/basketball_roster_position/position": 177, "/location/country/form_of_government": 178, "/music/performance_role/guest_performances./music/recording_contribution/performance_role": 179, "/celebrities/celebrity/celebrity_friends./celebrities/friendship/friend": 180, "/time/event/instance_of_recurring_event": 181, "/people/deceased_person/place_of_burial": 182, "/medicine/disease/notable_people_with_this_condition": 183, "/film/film/estimated_budget./measurement_unit/dated_money_value/currency": 184, "/film/film/film_festivals": 185, "/base/schemastaging/organization_extra/phone_number./base/schemastaging/phone_sandbox/contact_category": 186, "/government/politician/government_positions_held./government/government_position_held/legislative_sessions": 187, "/tv/tv_program/languages": 188, "/celebrities/celebrity/sexual_relationships./celebrities/romantic_relationship/celebrity": 189, "/base/popstra/celebrity/breakup./base/popstra/breakup/participant": 190, "/base/saturdaynightlive/snl_cast_member/seasons./base/saturdaynightlive/snl_season_tenure/cast_members": 191, "/film/film/distributors./film/film_film_distributor_relationship/region": 192, "/film/film_set_designer/film_sets_designed": 193, "/location/administrative_division/first_level_division_of": 194, "/base/aareas/schema/administrative_area/capital": 195, "/base/schemastaging/organization_extra/phone_number./base/schemastaging/phone_sandbox/service_language": 196, "/people/marriage_union_type/unions_of_this_type./people/marriage/location_of_ceremony": 197, "/government/politician/government_positions_held./government/government_position_held/jurisdiction_of_office": 198, "/dataworld/gardening_hint/split_to": 199}