{"/award/award_nominee/award_nominations./award/award_nomination/award": 0, "/film/film/genre": 1, "/film/actor/film./film/performance/film": 2, "/sports/sports_team/colors": 3, "/film/film/country": 4, "/award/award_winner/awards_won./award/award_honor/award_winner": 5, "/government/legislative_session/members./government/government_position_held/legislative_sessions": 6, "/people/person/nationality": 7, "/people/ethnicity/people": 8, "/film/film/featured_film_locations": 9, "/award/award_category/winners./award/award_honor/ceremony": 10, "/base/popstra/celebrity/friendship./base/popstra/friendship/participant": 11, "/film/film_distributor/films_distributed./film/film_film_distributor_relationship/film": 12, "/sports/sports_position/players./sports/sports_team_roster/team": 13, "/film/film/language": 14, "/award/award_category/nominees./award/award_nomination/nominated_for": 15, "/olympics/olympic_sport/athletes./olympics/olympic_athlete_affiliation/country": 16, "/media_common/netflix_genre/titles": 17, "/base/popstra/celebrity/dated./base/popstra/dated/participant": 18, "/language/human_language/countries_spoken_in": 19, "/people/person/places_lived./people/place_lived/location": 20, "/film/film/written_by": 21, "/award/award_nominee/award_nominations./award/award_nomination/award_nominee": 22, "/people/cause_of_death/people": 23, "/award/award_winning_work/awards_won./award/award_honor/award": 24, "/award/award_nominee/award_nominations./award/award_nomination/nominated_for": 25, "/government/politician/government_positions_held./government/government_position_held/basic_title": 26, "/business/job_title/people_with_this_title./business/employment_tenure/company": 27, "/music/artist/track_contributions./music/track_contribution/role": 28, "/award/award_ceremony/awards_presented./award/award_honor/honored_for": 29, "/education/educational_institution/students_graduates./education/education/student": 30, "/people/person/place_of_birth": 31, "/education/field_of_study/students_majoring./education/education/student": 32, "/base/biblioness/bibs_location/country": 33, "/location/location/contains": 34, "/film/film/release_date_s./film/film_regional_release_date/film_release_region": 35, "/education/educational_institution/school_type": 36, "/award/award_category/winners./award/award_honor/award_winner": 37, "/film/film/other_crew./film/film_crew_gig/film_crew_role": 38, "/influence/influence_node/influenced_by": 39, "/music/genre/artists": 40, "/people/person/profession": 41, "/music/genre/parent_genre": 42, "/film/film/production_companies": 43, "/award/award_winning_work/awards_won./award/award_honor/award_winner": 44, "/base/x2010fifaworldcupsouthafrica/world_cup_squad/current_world_cup_squad./base/x2010fifaworldcupsouthafrica/current_world_cup_squad/current_club": 45, "/tv/tv_producer/programs_produced./tv/tv_producer_term/program": 46, "/film/film/personal_appearances./film/personal_film_appearance/person": 47, "/base/biblioness/bibs_location/state": 48, "/sports/pro_athlete/teams./sports/sports_team_roster/team": 49, "/music/record_label/artist": 50, "/music/performance_role/regular_performances./music/group_membership/group": 51, "/award/award_ceremony/awards_presented./award/award_honor/award_winner": 52, "/film/film/costume_design_by": 53, "/sports/sports_league_draft/picks./sports/sports_league_draft_pick/school": 54, "/tv/tv_program/regular_cast./tv/regular_tv_appearance/actor": 55, "/olympics/olympic_participating_country/medals_won./olympics/olympic_medal_honor/olympics": 56, "/food/food/nutrients./food/nutrition_fact/nutrient": 57, "/business/business_operation/industry": 58, "/base/schemastaging/organization_extra/phone_number./base/schemastaging/phone_sandbox/service_location": 59, "/tv/tv_program/genre": 60, "/people/person/spouse_s./people/marriage/location_of_ceremony": 61, "/film/film/film_format": 62, "/government/government_office_category/officeholders./government/government_position_held/jurisdiction_of_office": 63, "/base/schemastaging/organization_extra/phone_number./base/schemastaging/phone_sandbox/service_language": 64, "/military/military_combatant/military_conflicts./military/military_combatant_group/combatants": 65, "/music/performance_role/regular_performances./music/group_membership/role": 66, "/base/aareas/schema/administrative_area/administrative_parent": 67, "/people/person/languages": 68, "/music/performance_role/track_performances./music/track_contribution/role": 69, "/olympics/olympic_games/sports": 70, "/location/location/adjoin_s./location/adjoining_relationship/adjoins": 71, "/film/director/film": 72, "/location/location/partially_contains": 73, "/location/statistical_region/religions./location/religion_percentage/religion": 74, "/organization/organization/headquarters./location/mailing_address/state_province_region": 75, "/sports/sports_team_location/teams": 76, "/film/film/cinematography": 77, "/tv/tv_program/program_creator": 78, "/location/hud_county_place/county": 79, "/award/award_category/disciplines_or_subjects": 80, "/education/educational_institution/colors": 81, "/film/film/produced_by": 82, "/award/award_category/category_of": 83, "/organization/organization/place_founded": 84, "/location/country/official_language": 85, "/music/instrument/family": 86, "/film/film/story_by": 87, "/film/film/music": 88, "/education/educational_degree/people_with_this_degree./education/education/institution": 89, "/time/event/instance_of_recurring_event": 90, "/music/group_member/membership./music/group_membership/group": 91, "/base/popstra/celebrity/breakup./base/popstra/breakup/participant": 92, "/education/field_of_study/students_majoring./education/education/major_field_of_study": 93, "/film/film/film_production_design_by": 94, "/award/award_nominated_work/award_nominations./award/award_nomination/nominated_for": 95, "/sports/professional_sports_team/draft_picks./sports/sports_league_draft_pick/school": 96, "/base/culturalevent/event/entity_involved": 97, "/military/military_conflict/combatants./military/military_combatant_group/combatants": 98, "/film/film/release_date_s./film/film_regional_release_date/film_regional_debut_venue": 99, "/base/popstra/location/vacationers./base/popstra/vacation_choice/vacationer": 100, "/people/person/religion": 101, "/time/event/locations": 102, "/film/film/film_festivals": 103, "/film/film/executive_produced_by": 104, "/music/artist/origin": 105, "/film/film_subject/films": 106, "/education/educational_institution/students_graduates./education/education/major_field_of_study": 107, "/sports/sports_team/roster./american_football/football_historical_roster_position/position_s": 108, "/influence/influence_node/peers./influence/peer_relationship/peers": 109, "/olympics/olympic_participating_country/athletes./olympics/olympic_athlete_affiliation/olympics": 110, "/location/country/form_of_government": 111, "/medicine/disease/risk_factors": 112, "/organization/organization/headquarters./location/mailing_address/citytown": 113, "/people/person/employment_history./business/employment_tenure/company": 114, "/film/film_set_designer/film_sets_designed": 115, "/base/popstra/celebrity/canoodled./base/popstra/canoodled/participant": 116, "/olympics/olympic_sport/athletes./olympics/olympic_athlete_affiliation/olympics": 117, "/people/person/spouse_s./people/marriage/spouse": 118, "/base/marchmadness/ncaa_basketball_tournament/seeds./base/marchmadness/ncaa_tournament_seed/team": 119, "/sports/professional_sports_team/draft_picks./sports/sports_league_draft_pick/draft": 120, "/sports/sports_team/roster./baseball/baseball_roster_position/position": 121, "/music/group_member/membership./music/group_membership/role": 122, "/film/film/dubbing_performances./film/dubbing_performance/actor": 123, "/baseball/baseball_team/team_stats./baseball/baseball_team_stats/season": 124, "/people/profession/specialization_of": 125, "/film/film/prequel": 126, "/people/ethnicity/languages_spoken": 127, "/location/administrative_division/first_level_division_of": 128, "/film/film/other_crew./film/film_crew_gig/crewmember": 129, "/music/instrument/instrumentalists": 130, "/location/administrative_division/country": 131, "/location/us_county/county_seat": 132, "/user/jg/default_domain/olympic_games/sports": 133, "/music/artist/contribution./music/recording_contribution/performance_role": 134, "/location/country/capital": 135, "/soccer/football_player/current_team./sports/sports_team_roster/team": 136, "/film/film/runtime./film/film_cut/film_release_region": 137, "/base/aareas/schema/administrative_area/capital": 138, "/location/capital_of_administrative_division/capital_of./location/administrative_division_capital_relationship/administrative_division": 139, "/government/legislative_session/members./government/government_position_held/district_represented": 140, "/people/deceased_person/place_of_burial": 141}