{"concept:cityliesonriver": 0, "concept:hasofficeincity": 1, "concept:agentcreated": 2, "concept:sportsgameteam": 3, "concept:teamhomestadium": 4, "concept:atdate": 5, "concept:teamplaysagainstteam": 6, "concept:statehascapital": 7, "concept:riveremptiesintoriver": 8, "concept:persongraduatedschool": 9, "concept:subpartof": 10, "concept:worksfor": 11, "concept:athleteplaysforteam": 12, "concept:mutualproxyfor": 13, "concept:agentcompeteswithagent": 14, "concept:organizationhiredperson": 15, "concept:teamplaysinleague": 16, "concept:proxyfor": 17, "concept:organizationterminatedperson": 18, "concept:agentparticipatedinevent": 19, "concept:sportusesstadium": 20, "concept:companyeconomicsector": 21, "concept:competeswith": 22, "concept:agentcollaborateswithagent": 23, "concept:locationlocatedwithinlocation": 24, "concept:sporthassportsteamposition": 25, "concept:atlocation": 26, "concept:personbornincity": 27, "concept:synonymfor": 28, "concept:organizationheadquarteredincountry": 29, "concept:sportfansincountry": 30, "concept:plantrepresentemotion": 31, "concept:plantincludeplant": 32, "concept:citylocatedingeopoliticallocation": 33, "concept:teamplayssport": 34, "concept:leaguestadiums": 35, "concept:specializationof": 36, "concept:subpartoforganization": 37, "concept:countrylocatedingeopoliticallocation": 38, "concept:istallerthan": 39, "concept:organizationdissolvedatdate": 40, "concept:agentbelongstoorganization": 41, "concept:agentcontrols": 42, "concept:athletehomestadium": 43, "concept:plantgrowinginplant": 44, "concept:citylocatedinstate": 45, "concept:sportschoolincountry": 46, "concept:coachesteam": 47, "concept:thinghascolor": 48, "concept:statelocatedingeopoliticallocation": 49, "concept:teamplaysincity": 50, "concept:sportusesequipment": 51, "concept:organizationalsoknownas": 52, "concept:organizationacronymhasname": 53, "concept:teamalsoknownas": 54, "concept:personhasjobposition": 55, "concept:countrycurrency": 56, "concept:personbelongstoorganization": 57, "concept:hasofficeincountry": 58, "concept:countryalsoknownas": 59, "concept:personleadsorganization": 60, "concept:agentactsinlocation": 61, "concept:athleteledsportsteam": 62, "concept:attractionofcity": 63, "concept:citylocatedincountry": 64, "concept:statelocatedincountry": 65, "concept:stadiumlocatedincity": 66, "concept:stateorprovinceisborderedbystateorprovince": 67, "concept:personleadsgeopoliticalorganization": 68, "concept:acquired": 69, "concept:cityalsoknownas": 70, "concept:persongraduatedfromuniversity": 71, "concept:newspaperincity": 72, "concept:organizationheadquarteredinstateorprovince": 73, "concept:headquarteredin": 74, "concept:personchargedwithcrime": 75, "concept:personhasresidenceingeopoliticallocation": 76, "concept:organizationheadquarteredincity": 77, "concept:citycapitalofcountry": 78}